<!--

Maldua Zimbra 2FA Administration zimlet
Copyright (C) 2023 BTACTIC, S.C.C.L.

This program is free software: you can redistribute it and/or modify
it under the terms of the GNU General Public License as published by
the Free Software Foundation, either version 2 of the License, or
(at your option) any later version.

This program is distributed in the hope that it will be useful,
but WITHOUT ANY WARRANTY; without even the implied warranty of
MERCHANTABILITY or FITNESS FOR A PARTICULAR PURPOSE.  See the
GNU General Public License for more details.

You should have received a copy of the GNU General Public License
along with this program.  If not, see http://www.gnu.org/licenses/.

-->

<zimlet name="com_btactic_twofactorauth_admin" version="9.99.999" label="${msg.label}" description="${msg.description}" extension="true">
    <include>com_btactic_twofactorauth_admin.js</include>
    <resource>images/btactic_logo.png</resource>
    <resource>images/maldua_logo.png</resource>
    <disableUIUndeploy>FALSE</disableUIUndeploy>
</zimlet>
